{
  "instanceStats": {
    "maxCpu": 4,
    "maxCores": 4,
    "cpuUsageAverage": 0.2549287714064121,
    "cpuUsagePeak": 0.468462,
    "usedMemory": 1469016000,
    "maxMemory": 2415919104,
    "usedStorage": 16283453440,
    "maxStorage": 64424509440,
    "running": 4,
    "total": 4,
    "totalContainers": 4
  },
  "zoneIds": [
    1,
    2,
    3
  ]
}